{"local_yrut_x": -0.7525310175967381, "local_yrut_y": 6.618832857937825, "local_yrut_z": -0.89206826294093}